{"cameraMode":{"drawMode":0,"name":"Shaded","section":"Shading Mode"},"sceneLighting":true,"audioPlay":false,"sceneViewState":{"m_AlwaysRefresh":false,"showFog":true,"showSkybox":true,"showFlares":true,"showImageEffects":true,"showParticleSystems":true,"showVisualEffectGraphs":true,"m_FxEnabled":true},"in2DMode":false,"pivot":{"x":-1.4898936748504639,"y":0.7993497848510742,"z":1.3417022228240967},"rotation":{"x":-0.2625894248485565,"y":0.14465363323688508,"z":-0.03980846703052521,"w":-0.9531975388526917},"size":2.167952299118042,"orthographic":false}